{
  "mae": 15.176350999999972,
  "mse": 432.32793852927347,
  "rmse": 20.79249716915391,
  "r2": 0.9310799133376483,
  "residual_std": 20.840708461520876,
  "n_train": 800,
  "n_test": 200,
  "cv_mean_r2": 0.8814588300596761,
  "cv_std_r2": 0.034883028818405847,
  "algorithm": "random_forest",
  "timestamp": "2026-06-24T20:38:27.442560"
}