{
  "mae": 15.111753749999966,
  "mse": 431.1855042742359,
  "rmse": 20.765006724637388,
  "r2": 0.9312620358905674,
  "residual_std": 20.813394343831874,
  "n_train": 800,
  "n_test": 200,
  "cv_mean_r2": 0.8815570725687056,
  "cv_std_r2": 0.035181173028013955,
  "algorithm": "random_forest",
  "timestamp": "2026-06-24T14:50:30.141799"
}