{
  "mae": 19.384961640065818,
  "mse": 615.8799671623792,
  "rmse": 24.816929043747116,
  "r2": 0.9018187423768279,
  "residual_std": 24.872737492258018,
  "n_train": 800,
  "n_test": 200,
  "cv_mean_r2": 0.8782060462644887,
  "cv_std_r2": 0.03135355123416111,
  "algorithm": "linear_regression",
  "timestamp": "2026-06-24T20:38:26.185358"
}