{
  "mae": 19.384961640065804,
  "mse": 615.8799671623784,
  "rmse": 24.816929043747102,
  "r2": 0.901818742376828,
  "residual_std": 24.872737492258004,
  "n_train": 800,
  "n_test": 200,
  "cv_mean_r2": 0.8782060462644887,
  "cv_std_r2": 0.03135355123416092,
  "algorithm": "linear_regression",
  "timestamp": "2026-06-24T14:50:24.586322"
}